*;base;ian;s;anian;ians
default;;{base};{base}'s;a {ian};{base}
tn_Aarhus;Аархус;Аархуски;на Аархус;Аархусец;Аархусци
tn_Abauj;Абауй;Абауйски;на Абауй;Абауйец;Абауйци
tn_Abbasids;Абасиди;Абасидски;на Абасидите;Абасид;Абасиди
tn_Aberdeen;Абердин;Абердински;на Абердин;Абердинец;Абердинци
tn_Aberdeenshire;Абердиншире;Абердинширски;на Абердиншире;Абердинширец;Абердинширци
tn_Achaea;Ахая;Ахейски;на Ахая;Ахеец;Ахейци
tn_Acre;Акре;Акрски;на Акре;Акрец;Акрци
tn_Adiyaman;Адияман;Адиямански;на Адияман;Адияманец;Адияманци
tn_Aden;Аден;Аденски;на Аден;Аденец;Аденци
tn_Adrar;Адрар;Адрарски;на Адрар;Адрарец;Адрарци
tn_Adrianople;Адрианопол;Адрианополски;на Адрианопол;Адрианополец;Адрианополци
tn_Adriatic_Sea;Адриатическо море;;на Адриатическо море;;
tn_Aegaean_Sea;Егейско море;;;;
tn_Agder;Агдер;Агдерски;на Агдер;Агдерец;Агдерци
tn_Agnafit;Агнафит;Агнафитски;на Агнафит;Агнафитец;Агнафитци
tn_Air;Айр;Айрски;на Айр;Айрец;Айрци
tn_Ajaccio;Аячо;Аячовски;на Аячо;Аячовец;Аячовци
tn_Al_Baretoun;Бейрут;Бейрутски;на Бейрут;Бейрутец;Бейрутци
tn_Al_Duwadimi;Ал-Дувадими;Ал-Дувадимски;на Ал-Дувадими;Ал-Дувадимец;Ал-Дувадимци
tn_Al_Halab;Ал-халаб;Ал-халабски;на Ал-халаб;Ал-халабец;Ал-халабци
tn_Al_Jadid;Ал-ядид;Ал-ядидски;на Ал-ядид;Ал-ядидец;Ал-ядидци
tn_Al_Jazair;Ал-язайр;Ал-язайрски;на Ал-язайр;Ал-язайрец;Ал-язайрци
tn_Al_Khanafah;Ал-ханафах;Ал-ханафахски;на Ал-ханафах;Ал-ханафахец;Ал-ханафахци
tn_Al_Maqhrus;Ал-махрус;Ал-махруски;на Ал-махрус;Ал-махрусец;Ал-махрусци
tn_Al_Maqqah;Ал-маках;Ал-макахски;на Ал-маках;Ал-макахец;Ал-макахци
tn_Al_Qasr;Ал Каср;Ал Касрски;на Ал Каср;Ал Касрец;Ал Касрци
tn_Al_Wahran;Ал-вахран;Ал-вахрански;на Ал-вахран;Ал-вахранец;Ал-вахранци
tn_Alania;Алания;Алански;на Алания;Алан;Алани
tn_Alboran_Sea;Алборанско море;;на Алборанско море;;
tn_Aleppo;Алепо;Алепски;на Алепо;Алепчанин;Алепчани
tn_Alexandria;Александрия;Александрийски;на Александрия;Александриец;Александрийци
tn_Algarve;Алгарве;Алгарвски;на Алгарве;Алгарвец;Алгарвци
tn_Algiers;Алжир;Алжирски;на Алжир;Алжирец;Алжирци
tn_Almohads;Алмохади;Алмохадски;на Алмохади;Алмохад;Алмохади
tn_Almoravids;Алморавиди;Алморавидски;на Алморавиди;Алморавид;Алморавиди
tn_Alodia;Алодия;Алодиски;на Алодия;Алодиец;Алодици
tn_Alsace;Елзас;Елзаски;на Елзас;Елзасец;Елзасци
tn_Amasya;Амасия;Амасийски;на Амасия;Амасиец;Амасийци
tn_Andalucia;Андалусия;Андалуски;на Андалусия;Андалусец;Андалуси
tn_Angers;Анже;Анжуйски;на Анже;Анжуец;Анжуйци
tn_Ani;Ани;Аниски;на Ани;Аниец;Аници
tn_Anjou;Анжу;Анжуйски;на Анжу;Анжуец;Анжуйци
tn_Ankara;Анкара;Анкарски;на Анкара;Анкарец;Анкарци
tn_Anslo;Ансло;Анслски;на Ансло;Анслчанин;Анслчани
tn_Antalya;Анталия;Анталийски;на Анталия;Анталиец;Анталийци
tn_Antioch;Антиохия;Антиохски;на Антиохия;Антиохин;Антиохи
tn_Apulia;Апулия;Апулийски;на Апулия;Апулиец;Апулийци
tn_Aqaba;Акаба;Акабски;на Акаба;Акабец;Акабци
tn_Aquitaine;Аквитания;Аквитански;на Аквитания;Аквитанец;Аквитанци
tn_Aragon;Арагон;Арагонски;на Арагон;Арагонец;Арагонци
tn_Arensburg;Аренсбург;Аренсбургски;на Аренсбург;Аренсбургец;Аренсбургци
tn_Armagh;Армаг;Армагски;на Армаг;Армагец;Армагци
tn_Armenia;Армения;Арменски;на Армения;Арменец;Арменци
tn_Arta;Арта;Артски;на Арта;Артец;Артци
tn_Artuqids;Артукидс;Артукидски;на Артукидс;Артукидсец;Артукидсци
tn_Ascalon;Аскалон;Аскалонски;на Аскалон;Аскалонец;Аскалонци
tn_Asrir;Асрир;Асрирски;на Асрир;Асрирец;Асрирци
tn_Assode;Асоде;Асодски;на Асоде;Асодец;Асодци
tn_Astrakhan;Астрахан;Астрахански;на Астрахан;Астраханец;Астраханци
tn_Asturia;Астурия;Астурийски;на Астурия;Астуриец;Астурийци
tn_Athens;Атина;Атински;на Атина;Атинянин;Атиняни
tn_Attica;Атика;Атически;на Атика;Атичанин;Атичани
tn_Augsburg;Аугсбург;Аугсбургски;на Аугсбург;Аугсбургец;Аугсбургци
tn_Austria;Австрия;Австрски;на Австрия;Австрин;Австри
tn_Auvergne;Оверн;Овернски;на Оверн;Овернец;Овернци
tn_Aydhab;Айдхаб;Айдхабски;на Айдхаб;Айдхабец;Айдхабци
tn_Aydin;Айдин;Айдински;на Айдин;Айдинец;Айдинци
tn_Ayyubids;Аюбиди;Аюбидски;на Аюбиди;Аюбид;Аюбиди
tn_Bacs;Бакс;Бакски;на Бакс;Баксец;Баксци
tn_Badajoz;Бадайоз;Бадайозски;на Бадайоз;Бадайозец;Бадайозци
tn_Baghdad;Багдад;Багдадски;на Багдад;Багдадец;Багдадци
tn_Balearic_Sea;Балеарско море;;на Балеарско море;;
tn_Baltic_Sea;Балтийско море;;;;
tn_Banat;Банат;Банатски;на Банат;Банатец;Банатци
tn_Baranya;Барания;Барански;на Барания;Баранец;Баранци
tn_Barcelona;Барселона;Барселонски;на Барселона;Барселонец;Барселонци
tn_Bari;Бари;Бариски;на Бари;Бариец;Барици
tn_Basra;Басра;Басрски;на Басра;Басрец;Басрци
tn_Bavaria;Бавария;Баварски;на Бавария;Баварец;Баварци
tn_Bay_Of_Biscay;Бискайски залив;;на Бискайския залив;;
tn_Bdin;Бдин;Бдински;на Бдин;Бдинец;Бдинци
tn_Bejaia;Беяия;Беяиски;на Беяия;Беяиец;Беяици
tn_Belgorod;Белгород;Белгородски;на Белгород;Белгородец;Белгородци
tn_Belgrade;Белград;Белградски;на Белград;Белградчанин;Белградчани
tn_Benghazi;Бенгази;Бенгазийски;на Бенгази;Бенгазиец;Бенгазийци
tn_Berestia;Берестия;Берестиски;на Берестия;Берестиец;Берестици
tn_Berestye;Берестие;Берестиски;на Берестие;Берестиец;Берестици
tn_Bergen;Берген;Бергенски;на Берген;Бергенец;Бергенци
tn_Bern;Берн;Бернски;на Берн;Бернец;Бернци
tn_Bessarabia;Бесарабия;Бесарабски;на Бесарабия;Бесарабец;Бесарабци
tn_Bilma;Билма;Билмски;на Билма;Билмец;Билмци
tn_Bohemia;Бохемия;Бохемски;на Бохемия;Бохемец;Бохемци
tn_Bolghar;Болгар;Болгарски;на Болгар;Болгарец;Болгарци
tn_Bologna;Болоня;Болонски;на Болоня;Болончанин;Болончани
tn_Bordeaux;Бордо;Бордоски;на Бордо;Бордосец;Бордосци
tn_Bosnia;Босна;Босненски;на Босна;Босненец;Босненци
tn_Botnia;Ботния;Ботнически;на Ботния;Ботниец;Ботници
tn_Botnic_And_Finnish_Gulf;Ботнически и Фински залив;;на Ботническия и Финския залив;;
tn_Brandenburg;Бранденбург;Бранденбургски;на Бранденбург;Бранденбургец;Бранденбургци
tn_Branichevo;Браничево;Браничевски;на Браничево;Браничевчанин;Браничевчани
tn_Bratslav;Братслав;Братславски;на Братслав;Братславец;Братславци
tn_Bremen;Бремен;Бременски;на Бремен;Бременец;Бременци
tn_Brittany;Бретан;Бретонски;на Бретан;Бретонец;Бретонци
tn_Brno;Брно;Брнски;на Брно;Брнчанин;Брнчани
tn_Bruges;Брюж;Брюжки;на Брюж;Брюжец;Брюжки
tn_Brussels;Брюксел;Брюкселски;на Брюксел;Брюкселчанин;Брюкселчани
tn_Buda;Буда;Буденски;на Буда;Буденец;Буденци
tn_Bulgaria;България;Български;на България;Българин;Българи
tn_BulgarianEmpire;Българска Империя;Български;на Българска Империя;Българин;Българи
tn_Burgos;Бургос;Бургоски;на Бургос;Бургосец;Бургосци
tn_Burgundy;Бургундия;Бургундски;на Бургундия;Бургундец;Бургундци
tn_Bursa;Бурса;Бурски;на Бурса;Бурсец;Бурсци
tn_Bushehr;Бушехр;Бушехрски;на Бушехр;Бушехрец;Бушехрци
tn_ByzantineEmpire;Византия;Византийски;на Византия;Византиец;Византийци
tn_Byzantium;Византия;Византийски;на Византия;Византиец;Византийци
tn_Caernarfon;Кернарфон;Кернарфонски;на Кернарфон;Кернарфонец;Кернарфонци
tn_Cagliari;Каглиари;Каглиариски;на Каглиари;Каглиариец;Каглиарици
tn_Cairo;Кайро;Кайрски;на Кайро;Кайрчанин;Кайрчани
tn_Calabria;Калабрия;Калабрийски;на Калабрия;Калабриец;Калабрийци
tn_Calais;Калайс;Калайски;на Калайс;Калайсец;Калайсци
tn_Campania;Кампания;Кампанийски;на Кампания;Кампаниец;Кампанийци
tn_Candar;Кандар;Кандарски;на Кандар;Кандарец;Кандарци
tn_Candia;Кандия;Кандиски;на Кандия;Кандиец;Кандици
tn_Canterbury;Кентърбъри;Кентърбърийски;на Кентърбъри;Кентърбъриец;Кентърбърийци
tn_Cappadocia;Кападокия;Кападокийски;на Кападокия;Кападокиец;Кападокийци
tn_Cardiff;Кардиф;Кардифски;на Кардиф;Кардифец;Кардифци
tn_Carinthia;Каринтия;Каринтски;на Каринтия;Каринтиец;Каринтци
tn_Castile;Кастилия;Кастилски;на Кастилия;Кастилец;Кастилци
tn_Catalonia;Каталония;Каталонски;на Каталония;Каталонец;Каталонци
tn_Central_Mediterranean;Централно Средиземноморие;;на Централното Средиземноморие;;
tn_Cetatea_Alba;Кетатеа Алба;Кетатеа Албски;на Кетатеа Алба;Кетатеа Албец;Кетатеа Албци
tn_Chaldia;Чалдия;Чалдиски;на Чалдия;Чалдиец;Чалдици
tn_Champagne;Шампан;Шампански;на Шампан;Шампанец;Шампанци
tn_Cherkasy;Черкаси;Черкасиски;на Черкаси;Черкасиец;Черкасици
tn_Chernigov;Чернигов;Черниговски;на Чернигов;Черниговец;Черниговци
tn_Cherson;Херсон;Херсонски;на Херсон;Херсонец;Херсонци
tn_Chinguetti;Чингуети;Чингуетиски;на Чингуети;Чингуетиец;Чингуетици
tn_Cilicia;Киликия;Киликийски;на Киликия;Киликиец;Киликийци
tn_Cilician_Armenia;Киликиан Армения;Киликиан Армениски;на Киликиан Армения;Киликиан Армениец;Киликиан Арменици
tn_Cirta;Кирта;Киртски;на Кирта;Киртец;Киртци
tn_Clermont;Клермонт;Клермонтски;на Клермонт;Клермонтец;Клермонтци
tn_Cluj;Клюж;Клюжски;на Клюж;Клюжец;Клюжци
tn_Cologne;Кьолн;Кьолнски;на Кьолн;Кьолнец;Кьолнчани
tn_Compostella;Компостела;Компостелски;на Компостела;Компостелец;Компостелци
tn_Connaught;Конаут;Конаутски;на Конаут;Конаутец;Конаутци
tn_Constantinople;Константинопол;Константинополски;на Константинопол;Константинополец;Константинополци
tn_Constantinopolis;Константинополис;Константинополиски;на Константинополис;Константинополисец;Константинополисци
tn_Cordoba;Кордоба;Кордобски;на Кордоба;Кордобчанин;Кордобчани
tn_Cork;Корк;Коркски;на Корк;Коркец;Коркци
tn_Cornwall;Корнуол;Корнуолски;на Корнуол;Корнуолец;Корнуолци
tn_Corsica;Корсика;Корсикански;на Корсика;Корсиканец;Корсиканци
tn_Crete;Крит;Критски;на Крит;Критец;Критци 
tn_Crimea;Крим;Кримски;на Крим;Кримчанин;Кримчани
tn_Croatia;Хърватия;Хърватски;на Хърватия;Хърватин;Хървати
tn_Cumania;Кумания;Кумански;на Кумания;Куманин;Кумани
tn_Cyprus;Кипър;Кипърски;на Кипър;Кипърец;Кипърци
tn_Cyrenaica;Киренайка;Киренайкски;на Киренайка;Киренайкец;Киренайкци
tn_Dagestan;Дагестан;Дагестански;на Дагестан;Дагестанец;Дагестанци
tn_Daju;Даю;Даюски;на Даю;Даюец;Даюци
tn_Dakhla;Дахла;Дахлски;на Дахла;Дахлец;Дахлци
tn_Dalmatia;Далмация;Далматински;на Далмация;Далматинец;Далматинци
tn_Damascus;Дамаск;Дамаскски;на Дамаск;Дамаскец;Дамаскци
tn_Damietta;Дамиета;Дамиетски;на Дамиета;Дамиетец;Дамиетци
tn_Danishmends;Данишмендс;Данишмендски;на Данишмендс;Данишмендсец;Данишмендсци
tn_Darfur;Дарфур;Дарфурски;на Дарфур;Дарфурец;Дарфурци
tn_Debrecen;Дебрекен;Дебрекенски;на Дебрекен;Дебрекенец;Дебрекенци
tn_Denmark;Дания;Датски;на Дания;Датчанин;Датчани
tn_Derbent;Дербент;Дербентски;на Дербент;Дербентец;Дербентци
tn_Devon;Девон;Девонски;на Девон;Девонец;Девонци
tn_Dijon;Дижон;Дижонски;на Дижон;Дижонец;Дижонци
tn_Dogger_Bank;Догер банк;;на Догер банк;;
tn_Dongola;Донгола;Донголски;на Донгола;Донголец;Донголци
tn_Dorpatt;Дорпат;Дорпатски;на Дорпат;Дорпатец;Дорпатци
tn_Draa;Драа;Драски;на Драа;Драец;Драци
tn_Dublin;Дъблин;Дъблински;на Дъблин;Дъблинчанин;Дъблинчани
tn_Dubrovnik;Дубровник;Дубровникски;на Дубровник;Дубровникец;Дубровникци
tn_Dulkadir;Дулкадир;Дулкадирски;на Дулкадир;Дулкадирец;Дулкадирци
tn_Dumyat;Думиат;Думиатски;на Думиат;Думиатец;Думиатци
tn_Durres;Дурес;Дурески;на Дурес;Дуресец;Дуресци
tn_Duwadimi;Дувадими;Дувадимиски;на Дувадими;Дувадимиец;Дувадимици
tn_Dyrrachion;Дирачион;Дирачионски;на Дирачион;Дирачионец;Дирачионци
tn_East_Flanders;Източна Фландрия;Източнофландърски;на Източна Фландрия;Източнофландрец;Източнофландърци
tn_Eastern_Black_Sea;Източно Черно море;;на Източно Черно море;;
tn_Edessa;Едеса;Едесски;на Едеса;Едесец;Едесци
tn_Edinborough;Единбург;Единбургски;на Единбург;Единбургчанин;Единбургчани
tn_Eesti;Исти;Истиски;на Исти;Истиец;Истици
tn_El_Atrun;Ел-атрун;Ел-атрунски;на Ел-атрун;Ел-атрунец;Ел-атрунци
tn_Emilia;Емилия;Емилиски;на Емилия;Емилиец;Емилици
tn_England;Англия;Английски;на Англия;Англичанин;Англичани
tn_Epirus;Епир;Епирски;на Епир;Епирец;Епирци
tn_Eretna;Еретна;Еретнски;на Еретна;Еретнец;Еретнци
tn_Erfurt;Ерфурт;Ерфуртски;на Ерфурт;Ерфуртец;Ерфуртци
tn_Erzurum;Ерзурум;Ерзурумски;на Ерзурум;Ерзурумец;Ерзурумци
tn_Essex;Есекс;Есекски;на Есекс;Есексец;Есексци
tn_Estland;Естланд;Естландски;на Естланд;Естландец;Естландци
tn_Estremadura;Естремадура;Естремадурски;на Естремадура;Естремадурец;Естремадурци
tn_Exeter;Ексетер;Ексетерски;на Ексетер;Ексетерец;Ексетерци
tn_Extremadura;Екстремадура;Екстремадурски;на Екстремадура;Екстремадурец;Екстремадурци
tn_Eztergom;Езтергом;Езтергомски;на Езтергом;Езтергомец;Езтергомци
tn_Falun;Фалун;Фалунски;на Фалун;Фалунец;Фалунци
tn_Faras;Фарас;Фараски;на Фарас;Фарасец;Фарасци
tn_Faro;Фаро;Фарски;на Фаро;Фарчанин;Фарчани
tn_Farose_Reach;Фарьорско крайбрежие;;на Фарьорското крайбрежие;;
tn_Fatimids;Фатимиди;Фатимидски;на Фатимидите;Фатимид;Фатимиди
tn_Fez;Фес;Фески;на Фес;Фесец;Фесци
tn_Fezzan;Феззан;Феззански;на Феззан;Феззанец;Феззанци
tn_Finland;Финландия;Финландски;на Финландия;Финландец;Финландци
tn_Finns;Финс;Фински;на Финс;Финсец;Финсци
tn_Flanders;Фландрия;Фландърски;на Фландрия;Фландрец;Фландърци
tn_Florence;Флоренция;Флорентински;на Флоренция;Флорентинец;Флорентинци
tn_France;Франкско кралство;Франкски;на Франкското кралство;Франк;Франки
tn_Franconia;Франкония;Франконски;на Франкония;Франконец;Франконци
tn_Friesland;Фриесланд;Фриесландски;на Фриесланд;Фриесландец;Фриесландци
tn_Galicia;Галисия;Галисийски;на Галисия;Галисиец;Галисийци
tn_Galitch;Галитч;Галитчски;на Галитч;Галитчец;Галитчци
tn_Galitch_Mer;Галитч-мер;Галитч-мерски;на Галитч-мер;Галитч-мерец;Галитч-мерци
tn_Galway;Галвай;Галвайски;на Галвай;Галвайец;Галвайци
tn_Gdansk;Гданск;Гдански;на Гданск;Гданскчанин;Гданскчани
tn_Genoa;Генуа;Генуезки;на Генуа;Генуезец;Генуезци
tn_Georgia;Грузия;Грузински;на Грузия;Грузинец;Грузинци
tn_Germany;Германски земи;Германски;на Германските земи;Германец;Германци
tn_Germiyan;Гермииан;Гермииански;на Гермииан;Гермииянец;Гермииянци
tn_Ghadames;Гадамес;Гадамески;на Гадамес;Гадамесец;Гадамесци
tn_Ghat;Гат;Гатски;на Гат;Гатец;Гатци
tn_Ghent;Гент;Гентски;на Гент;Гентец;Гентци
tn_Gilan;Гилан;Гилански;на Гилан;Гиланец;Гиланци
tn_Glamorgan;Гламорган;Гламоргански;на Гламорган;Гламорганец;Гламорганци
tn_Golden_Horde;Златна орда;Златноордски;на Златната орда;Златноордец;Златноордци
tn_Gothenburg;Готенбург;Готенбургски;на Готенбург;Готенбургец;Готенбургци
tn_Gotland;Готланд;Готландски;на Готланд;Готландец;Готландци
tn_Granada;Гранада;Гранадски;на Гранада;Гранадец;Гранадци
tn_Great_Perm;Греат Перм;Греат Пермски;на Греат Перм;Греат Пермец;Греат Пермци
tn_Grodno;Гродно;Гроднски;на Гродно;Гроднчанин;Гроднчани
tn_Gulf_Of_Hormuz;Ормузки пролив;;на Ормузкия пролив;;
tn_Gulf_Of_Liguria;Лигурско море;;на Лигурско море;;
tn_Gwynedd;Гвинед;Гвинедски;на Гвинед;Гвинедец;Гвинедци
tn_Haapsalu;Хаапсалу;Хаапсалуски;на Хаапсалу;Хаапсалуец;Хаапсалуци
tn_Hafsids;Хафсиди;Хафсидски;на Хафсидите;Хафсид;Хафсиди
tn_Hajdusag;Хайдусаг;Хайдусагски;на Хайдусаг;Хайдусагец;Хайдусагци
tn_Hajrah;Хайрах;Хайрахски;на Хайрах;Хайрахец;Хайрахци
tn_Halland;Халанд;Халандски;на Халанд;Халандец;Халандци
tn_Halych;Халич;Халичски;на Халич;Халичец;Халичци
tn_Halych_Volhynia;Халич-волхиния;Халич-волхиниски;на Халич-волхиния;Халич-волхиниец;Халич-волхиници
tn_Halychyna;Халичина;Халичински;на Халичина;Халичинец;Халичинци
tn_Hamburg;Хамбург;Хамбургски;на Хамбург;Хамбургчанин;Хамбургчани
tn_Hampshire;Хампшире;Хампширски;на Хампшире;Хампширец;Хампширци
tn_Hanover;Хановер;Хановерски;на Хановер;Хановерец;Хановерци
tn_Hayastan;Хайастан;Хайастански;на Хайастан;Хайастанец;Хайастанци
tn_Helsinki;Хелсинки;Хелсинкиски;на Хелсинки;Хелсинкиец;Хелсинкици
tn_Hoggar;Хоггар;Хоггарски;на Хоггар;Хоггарец;Хоггарци
tn_Holland;Холандия;Холандски;на Холандия;Холандец;Холандци
tn_Homs;Хомс;Хомски;на Хомс;Хомсец;Хомсци
tn_Hordaland;Хордаланд;Хордаландски;на Хордаланд;Хордаландец;Хордаландци
tn_Hormuz;Хормуз;Хормузски;на Хормуз;Хормузец;Хормузци
tn_Hungary;Унгария;Унгарски;на Унгария;Унгарец;Унгарци
tn_Ile_de_France;Иле Де Франке;Иле Де Франкски;на Иле Де Франке;Иле Де Франкец;Иле Де Франкци
tn_Imereti;Имеретия;Имеретински;на Имеретия;Имеретинец;Имеретинци
tn_Indian_Ocean;Индийски океан;;на Индийския океан;;
tn_Innsbruck;Инсбрук;Инсбрукски;на Инсбрук;Инсбрукец;Инсбрукци
tn_Inverness;Инвернес;Инвернесски;на Инвернес;Инвернесец;Инвернесци
tn_Ionian_Sea;Йонийско море;;на Йонийско море;;
tn_Iraklion;Ираклион;Ираклионски;на Ираклион;Ираклионец;Ираклионци
tn_Ireland;Ирландия;Ирландски;на Ирландия;Ирландец;Ирландци
tn_Irish_Sea;Ирландско море;;на Ирландско море;;
tn_Ispahan;Испахан;Испахански;на Испахан;Испаханец;Испаханци
tn_Italy;Италия;Италски;на Италия;Италин;Итали
tn_Izmir;Измир;Измирски;на Измир;Измирец;Измирци
tn_Izyum;Изиум;Изиумски;на Изиум;Изиумец;Изиумци
tn_Jalayirids;Ялайиридс;Ялайиридски;на Ялайиридс;Ялайиридсец;Ялайиридсци
tn_Jeddah;Йедах;Йедахски;на Йедах;Йедахец;Йедахци
tn_Jerusalem;Йерусалим;Йерусалимски;на Йерусалим;Йерусалимец;Йерусалимци
tn_Jutland;Ютланд;Ютландски;на Ютланд;Ютландец;Ютландци
tn_Kabylia;Кабилия;Кабилиски;на Кабилия;Кабилиец;Кабилици
tn_Kakuyids;Какуйидс;Какуйидски;на Какуйидс;Какуйидсец;Какуйидсци
tn_Kalmar;Калмар;Калмарски;на Калмар;Калмарец;Калмарци
tn_KalmarUnion;Калмар;Калмарски;на Калмар;Калмарец;Калмарци
tn_Kamianets;Камианец;Камианецки;на Камианец;Камианетсец;Камианетсци
tn_Kanem;Канем;Канемски;на Канем;Канемец;Канемци
tn_Kaouar;Кауар;Кауарски;на Кауар;Кауарец;Кауарци
tn_Karaman;Караман;Карамански;на Караман;Караманец;Караманци
tn_Karelia;Карелия;Карелски;на Карелия;Карелец;Карелци
tn_Karvuna;Карвуна;Карвунски;на Карвуна;Карвунец;Карвунци
tn_Kashubia;Кашубия;Кашубиски;на Кашубия;Кашубиец;Кашубици
tn_Kassa;Каса;Касски;на Каса;Касец;Касци
tn_Kaunas;Каунас;Каунаски;на Каунас;Каунасец;Каунасци
tn_Kayseri;Кайсери;Кайсериски;на Кайсери;Кайсериец;Кайсерици
tn_Kazan;Казан;Казански;на Казан;Казанец;Казанци
tn_Kent;Кент;Кентски;на Кент;Кентец;Кентци
tn_Kerak;Керак;Керакски;на Керак;Керакец;Керакци
tn_Kermanshah;Керманшах;Керманшахски;на Керманшах;Керманшахец;Керманшахци
tn_Khafr_Al_Batin;Хафр Ал-батин;Хафр Ал-батински;на Хафр Ал-батин;Хафр Ал-батинец;Хафр Ал-батинци
tn_Khuzestan;Хузестан;Хузестански;на Хузестан;Хузестанец;Хузестанци
tn_Khwarazm;Хваразм;Хваразмски;на Хваразм;Хваразмец;Хваразмци
tn_Klagenfurt;Клагенфурт;Клагенфуртски;на Клагенфурт;Клагенфуртец;Клагенфуртци
tn_Knights_of_Rhodes;Рицарите на Родос;Родоски;на Рицарите на Родос;Рицар;Рицари
tn_Komarom;Комаром;Комаромски;на Комаром;Комаромец;Комаромци
tn_Konigsberg;Конигсберг;Конигсбергски;на Конигсберг;Конигсбергец;Конигсбергци
tn_Konstanz;Констанз;Констанзски;на Констанз;Констанзец;Констанзци
tn_Konya;Кония;Кониски;на Кония;Кониец;Коници
tn_Kostroma;Кострома;Костромски;на Кострома;Костромец;Костромци
tn_Krakow;Краков;Краковски;на Краков;Краковчанин;Краковчани
tn_Kurdistan;Курдистан;Курдистански;на Курдистан;Курдистанец;Курдистанци
tn_Kursk;Курск;Курскски;на Курск;Курскец;Курскци
tn_Kutaisi;Кутайси;Кутайсиски;на Кутайси;Кутайсиец;Кутайсици
tn_Kuyava;Куйава;Куйавски;на Куйава;Куйавец;Куйавци
tn_Kyiv;Киев;Киевски;на Киев;Киевчанин;Киевчани
tn_Laanemaa;Лаанемаа;Лаанемаски;на Лаанемаа;Лаанемаец;Лаанемаци
tn_Ladoga;Ладога;Ладогски;на Ладога;Ладогец;Ладогци
tn_Latin_Empire;Латинска империя;Латински;на Латинската империя;Латинец;Латинци
tn_Latium;Латиум;Латиумски;на Латиум;Латиумец;Латиумци
tn_Lazika;Лазика;Лазикски;на Лазика;Лазикец;Лазикци
tn_Lebanon;Лебанон;Лебанонски;на Лебанон;Лебанонец;Лебанонци
tn_Leeuwarden;Лиуварден;Лиуварденски;на Лиуварден;Лиуварденец;Лиуварденци
tn_Lefkosia;Лефкосия;Лефкосиски;на Лефкосия;Лефкосиец;Лефкосици
tn_Leinster;Леинстер;Леинстерски;на Леинстер;Леинстерец;Леинстерци
tn_Leon;Леон;Леонски;на Леон;Леонец;Леонци
tn_Liguria;Лигурия;Лигуриски;на Лигурия;Лигуриец;Лигурици
tn_Linkoping;Линкопинг;Линкопингски;на Линкопинг;Линкопингец;Линкопингци
tn_Lisbon;Лисабон;Лисабонски;на Лисабон;Лисабонец;Лисабонци
tn_Lithuania;Литва;Литовски;на Литва;Литовец;Литовци
tn_Livonia;Ливония;Ливонски;на Ливония;Ливонец;Ливонци
tn_Livonian_Order;Ливонски орден;Ливонски;на Ливонския орден;Ливонец;Ливонци
tn_Ljubljana;Любляна;Люблянски;на Любляна;Люблянец;Люблянци
tn_Lodz;Лодз;Лодзски;на Лодз;Лодзец;Лодзци
tn_Lombardy;Ломбардия;Ломбардски;на Ломбардия;Ломбардец;Ломбардци
tn_London;Лондон;Лондонски;на Лондон;Лондончанин;Лондончани
tn_Lorraine;Лотарингия;Лотарингски;на Лотарингия;Лотарингин;Лотаринги
tn_Lothian;Лотиан;Лотиански;на Лотиан;Лотиянец;Лотиянци
tn_Lublin;Лублин;Лублински;на Лублин;Лублинец;Лублинци
tn_Lutsk;Лутск;Лутскски;на Лутск;Лутскец;Лутскци
tn_Luxembourg;Люксембург;Люксембургски;на Люксембург;Люксембургец;Люксембургци
tn_Lycia;Ликия;Ликиски;на Ликия;Ликиец;Ликици
tn_Lyon;Лион;Лионски;на Лион;Лионец;Лионци
tn_Lyonnais;Лионайс;Лионайски;на Лионайс;Лионайсец;Лионайсци
tn_Makuria;Макурия;Макуриски;на Макурия;Макуриец;Макурици
tn_Malatya;Малатия;Малатиски;на Малатия;Малатиец;Малатици
tn_Malbork;Малборк;Малборкски;на Малборк;Малборкец;Малборкци
tn_Mali;Мали;Малиски;на Мали;Малиец;Малици
tn_Mallorca;Малорка;Малоркски;на Малорка;Малоркец;Малоркци
tn_Malmo;Малмо;Малмски;на Малмо;Малмчанин;Малмчани
tn_Malopolska;Малополска;Малополскски;на Малополска;Малополскец;Малополскци
tn_Malta;Малта;Малтски;на Малта;Малтец;Малтци
tn_Mamluks;Мамелюци;Мамелюкски;на Мамелюците;Мамелюк;Мамелюци
tn_Manych;Манич;Маничски;на Манич;Маничец;Маничци
tn_Amogjar;Амогяр;Амогярски;на Амогяр;Амогярец;Амогярци
tn_Erbil;Ербил;Ербилски;на Ербил;Ербилец;Ербилци
tn_Marinids;Мариниди;Маринидски;на Маринидите;Маринид;Мариниди
tn_Marrakesh;Маракеш;Маракешки;на Маракеш;Маракешец;Маракешци
tn_Marseille;Марсилия;Марсилски;на Марсилия;Марсилец;Марсилци
tn_Mascat;Маскат;Маскатски;на Маскат;Маскатец;Маскатци
tn_Matrouh;Матрух;Матрухски;на Матрух;Матрухец;Матрухци
tn_Mazovia;Мазовия;Мазовски;на Мазовия;Мазовчанин;Мазовчани
tn_Mdina;Мдина;Мдински;на Мдина;Мдинец;Мдинци
tn_Mecca;Мека;Мекски;на Мека;Меканец;Меканци
tn_Mecklenburg;Мекленбург;Мекленбургски;на Мекленбург;Мекленбургец;Мекленбургци
tn_Medina;Медина;Медински;на Медина;Мединец;Мединци
tn_Melitene;Мелитене;Мелитенски;на Мелитене;Мелитенец;Мелитенци
tn_Menteshe;Ментеше;Ментешски;на Ментеше;Ментешец;Ментешци
tn_Milan;Милано;Милански;на Милано;Миланчанин;Миланчани
tn_Minsk;Минск;Минскски;на Минск;Минскец;Минскци
tn_Mistras;Мистрас;Мистраски;на Мистрас;Мистрасец;Мистрасци
tn_Moldavia;Молдова;Молдовски;на Молдова;Молдовец;Молдовци
tn_Mologa;Молога;Мологски;на Молога;Мологец;Мологци
tn_Mongols;Монголи;Монголски;на Монголите;Монголец;Монголи
tn_Moravia;Моравия;Моравски;на Моравия;Моравец;Моравци
tn_Moscow;Москва;Московски;на Москва;Московчанин;Московчани
tn_Mosul;Мосул;Мосулски;на Мосул;Мосулец;Мосулци
tn_Munster;Мунстер;Мунстерски;на Мунстер;Мунстерец;Мунстерци
tn_Murcia;Мурсия;Мурсийски;на Мурсия;Мурсиец;Мурсийци
tn_Murom;Муром;Муромски;на Муром;Муромец;Муромци
tn_Murzuk;Мурзук;Мурзукски;на Мурзук;Мурзукец;Мурзукци
tn_Muscovy;Мускови;Мусковиски;на Мускови;Мусковиец;Мусковици
tn_Nancy;Нанки;Нанкиски;на Нанки;Нанкиец;Нанкици
tn_Naples;Неапол;Неаполитански;на Неапол;Неаполитанец;Неаполитанци
tn_Narbonnais;Нарбонайс;Нарбонайски;на Нарбонайс;Нарбонайсец;Нарбонайсци
tn_Narva;Нарва;Нарвски;на Нарва;Нарвец;Нарвци
tn_Navarra;Навара;Наварски;на Навара;Наварец;Наварци
tn_Nekhel;Нехел;Нехелски;на Нехел;Нехелец;Нехелци
tn_New_Sarai;Сарай Берке;Сарайски;на Сарай Берке;Сараец;Сарайци
tn_Newcastle;Невкастле;Невкастлски;на Невкастле;Невкастлец;Невкастлци
tn_Meissen;Меисен;Меисенски;на Меисен;Меисенец;Меисенци
tn_Milas;Милас;Миласки;на Милас;Миласец;Миласци
tn_Morea;Морея;Морейски;на Морея;Мореец;Морейци
tn_Zeta;Зета;Зетски;на Зета;Зетец;Зетци
tn_Rasht;Рашт;Раштски;на Рашт;Раштец;Раштци
tn_Van;Ван;Вански;на Ван;Ванец;Ванци
tn_Vologda;Вологда;Вологдски;на Вологда;Вологдец;Вологдци
tn_Nicaea;Никея;Никейски;на Никея;Никеец;Никейци
tn_Nice;Ница;Ницански;на Ница;Ницанец;Ницанци
tn_Nidaros;Нидарос;Нидароски;на Нидарос;Нидаросец;Нидаросци
tn_Nis;Ниш;Нишки;на Ниш;Нишлиец;Нишлии
tn_Nitra;Нитра;Нитрски;на Нитра;Нитрец;Нитрци
tn_Nizhniy_Novgorod;Низхнии Новгород;Низхнии Новгородски;на Низхнии Новгород;Низхнии Новгородец;Низхнии Новгородци
tn_Normandy;Нормандия;Нормандски;на Нормандия;Нормандец;Нормандци
tn_North_Sea;Северно море;;на Северно море;;
tn_Northern_Caspian;Северно Каспийско море;;на Северно Каспийско море;;
tn_Northumberland;Нортумберланд;Нортумберландски;на Нортумберланд;Нортумберландец;Нортумберландци
tn_Norway;Норвегия;Норвежки;на Норвегия;Норвежец;Норвежци
tn_Nottingham;Нотингам;Нотингамски;на Нотингам;Нотингамец;Нотингамци
tn_Nottinghamshire;Нотингамшире;Нотингамширски;на Нотингамшире;Нотингамширец;Нотингамширци
tn_Novgorod;Новгород;Новгородски;на Новгород;Новгородец;Новгородци
tn_Novgorod_Seversk;Новгород-северск;Новгород-северскски;на Новгород-северск;Новгород-северскец;Новгород-северскци
tn_Novgorod_Seversky;Новгород-северски;Новгород-северскиски;на Новгород-северски;Новгород-северскиец;Новгород-северскици
tn_Nuremberg;Нюрнберг;Нюрнбергски;на Нюрнберг;Нюрнбергец;Нюрнбергци
tn_Nyland;Ниланд;Ниландски;на Ниланд;Ниландец;Ниландци
tn_Oddernes;Одернес;Одернески;на Одернес;Одернесец;Одернесци
tn_Ohrid;Охрид;Охридски;на Охрид;Охридчанин;Охридчани
tn_Old_Sarai;Сарай Бату;Сарайски;на Сарай Бату;Сараец;Сарайци
tn_Oleshye;Олешие;Олешиски;на Олешие;Олешиец;Олешици
tn_Olomouc;Оломук;Оломукски;на Оломук;Оломукец;Оломукци
tn_Oman;Оман;Омански;на Оман;Оманец;Оманци
tn_Orleannais;Орлеанайс;Орлеанайски;на Орлеанайс;Орлеанайсец;Орлеанайсци
tn_Orleans;Орлеан;Орлеански;на Орлеан;Орлеанец;Орлеанци
tn_Oslo;Осло;Ослски;на Осло;Ослчанин;Ослчани
tn_Ostergotland;Остерготланд;Остерготландски;на Остерготланд;Остерготландец;Остерготландци
tn_OttomanEmpire;Османска държава;Османски;на Османската държава;Османец;Османци
tn_Ottomans;Османци;Османски;на Османците;Османец;Османци
tn_Ouargla;Уаргла;Уарглски;на Уаргла;Уарглец;Уарглци
tn_Oviedo;Овиедо;Овиедски;на Овиедо;Овиедчанин;Овиедчани
tn_Palermo;Палермо;Палермски;на Палермо;Палермчанин;Палермчани
tn_Palestine;Палестина;Палестински;на Палестина;Палестинец;Палестинци
tn_Palma;Палма;Палмски;на Палма;Палмец;Палмци
tn_Palmyra;Палмира;Палмирски;на Палмира;Палмирец;Палмирци
tn_Pamplona;Памплона;Памплонски;на Памплона;Памплонец;Памплонци
tn_Papacy;Папска държава;Папски;на Папската държава;Папски поданик;Папски поданици
tn_Papal_States;Папска държава;Папски;на Папската държава;Папски поданик;Папски поданици
tn_Paris;Париж;Парижки;на Париж;Парижанин;Парижани
tn_Pars;Парс;Парски;на Парс;Парсец;Парсци
tn_Pechenegs;Печенеги;Печенежки;на Печенегите;Печенег;Печенеги
tn_Pecs;Пекс;Пекски;на Пекс;Пексец;Пексци
tn_Pereyaslavl;Перейаславл;Перейаславлски;на Перейаславл;Перейаславлец;Перейаславлци
tn_Perm;Перм;Пермски;на Перм;Пермец;Пермци
tn_Pfalz;Пфалз;Пфалзски;на Пфалз;Пфалзец;Пфалзци
tn_Pinsk;Пинск;Пинскски;на Пинск;Пинскец;Пинскци
tn_Plotsk;Плотск;Плотскски;на Плотск;Плотскец;Плотскци
tn_Podolia;Подолие;Подолски;на Подолие;Подолец;Подолци
tn_Poitiers;Поитиерс;Поитиерски;на Поитиерс;Поитиерсец;Поитиерсци
tn_Poitou;Поиту;Поитуски;на Поиту;Поитуец;Поитуци
tn_Poland;Полша;Полски;на Полша;Поляк;Поляци
tn_Poland_Lithuania;Поланд-литуания;Поланд-литуаниски;на Поланд-литуания;Поланд-литуаниец;Поланд-литуаници
tn_Polesia;Полесия;Полесиски;на Полесия;Полесиец;Полесици
tn_Polotsk;Полотск;Полотскски;на Полотск;Полотскец;Полотскци
tn_Poltava;Полтава;Полтавски;на Полтава;Полтавец;Полтавци
tn_Pomerania;Померания;Померански;на Померания;Померанец;Померанци
tn_Pomerelia;Померелия;Померелийски;на Померелия;Померелиец;Померелийци
tn_Pontos;Понтос;Понтоски;на Понтос;Понтосец;Понтосци
tn_Porto;Порто;Портски;на Порто;Портчанин;Портчани
tn_Portugal;Португалия;Португалски;на Португалия;Португалец;Португалци
tn_Powys;Повис;Повиски;на Повис;Повисец;Повисци
tn_Poznan;Познан;Познански;на Познан;Познанец;Познанци
tn_Prague;Прага;Пражки;на Прага;Пражанин;Пражани
tn_Propontis;Пропонтис;Пропонтиски;на Пропонтис;Пропонтисец;Пропонтисци
tn_Provence;Прованс;Провансалски;на Прованс;Провансалец;Провансалци
tn_Prussia;Прусия;Пруски;на Прусия;Пруснак;Прусаци
tn_Pskov;Псков;Псковски;на Псков;Псковец;Псковци
tn_Qairwan;Кайрван;Кайрвански;на Кайрван;Кайрванец;Кайрванци
tn_Qazvin;Казвин;Казвински;на Казвин;Казвинец;Казвинци
tn_Qeirwan;Кеирван;Кеирвански;на Кеирван;Кеирванец;Кеирванци
tn_Qena;Кена;Кенски;на Кена;Кенец;Кенци
tn_Qift;Кифт;Кифтски;на Кифт;Кифтец;Кифтци
tn_Qufa;Квфа;Квфски;на Квфа;Квфец;Квфци
tn_Rabat;Рабат;Рабатски;на Рабат;Рабатец;Рабатци
tn_Ragusa;Дубровник;Дубровнишки;на Дубровник;Дубровничанин;Дубровничани
tn_Raqqa;Рака;Ракски;на Рака;Ракец;Ракци
tn_Ras;Рас;Раски;на Рас;Расец;Расци
tn_Raska;Раска;Раскски;на Раска;Раскец;Раскци
tn_Reach_Of_Cyprus;Крайбрежие на Кипър;;на Крайбрежието на Кипър;;
tn_Reach_Of_Egypt;Крайбрежие на Египет;;на Крайбрежието на Египет;;
tn_Red_Sea;Червено море;;на Червено море;;
tn_Regensburg;Регенсбург;Регенсбургски;на Регенсбург;Регенсбургец;Регенсбургци
tn_Reggio;Реггио;Реггиски;на Реггио;Реггичанин;Реггичани
tn_Rennes;Ренес;Ренески;на Ренес;Ренесец;Ренесци
tn_Reval;Ревал;Ревалски;на Ревал;Ревалец;Ревалци
tn_Rheims;Реймс;Реймски;на Реймс;Реймсец;Реймсци
tn_Rhineland;Рхинеланд;Рхинеландски;на Рхинеланд;Рхинеландец;Рхинеландци
tn_Rhodes;Родос;Родоски;на Родос;Родосец;Родосци
tn_Riga;Рига;Ригски;на Рига;Ригец;Ригци
tn_Rogaland;Рогаланд;Рогаландски;на Рогаланд;Рогаландец;Рогаландци
tn_Rome;Рим;Римски;на Рим;Римлянин;Римляни
tn_Roskilde;Роскилде;Роскилдски;на Роскилде;Роскилдец;Роскилдци
tn_Rostov;Ростов;Ростовски;на Ростов;Ростовец;Ростовци
tn_Rostov_Suzdal;Ростов-суздал;Ростов-суздалски;на Ростов-суздал;Ростов-суздалец;Ростов-суздалци
tn_Rouen;Руен;Руенски;на Руен;Руенец;Руенци
tn_Rum;Рум;Румски;на Рум;Румец;Румци
tn_Russia;Руска земя;Руски;на Руската земя;Руснак;Руснаци
tn_Ruthenia;Рутения;Рутенски;на Рутения;Рутенец;Рутенци
tn_Ryazan;Риазан;Риазански;на Риазан;Риазанец;Риазанци
tn_Rzeszow;Рзесзов;Рзесзовски;на Рзесзов;Рзесзовец;Рзесзовци
tn_Saaremaa;Сааремаа;Сааремаски;на Сааремаа;Сааремаец;Сааремаци
tn_Safi;Сафи;Сафиски;на Сафи;Сафиец;Сафици
tn_Salalah;Салалах;Салалахски;на Салалах;Салалахец;Салалахци
tn_Salamanca;Саламанка;Саламанкски;на Саламанка;Саламанкец;Саламанкци
tn_Saltuqids;Салтукидс;Салтукидски;на Салтукидс;Салтукидсец;Салтукидсци
tn_Samandar;Самандар;Самандарски;на Самандар;Самандарец;Самандарци
tn_Samara;Самара;Самарски;на Самара;Самарец;Самарци
tn_Samsat;Самсат;Самсатски;на Самсат;Самсатец;Самсатци
tn_Sardinia;Сардиния;Сардински;на Сардиния;Сардинец;Сардинци
tn_Sardis;Сардис;Сардиски;на Сардис;Сардисец;Сардисци
tn_Sarkel;Саркел;Саркелски;на Саркел;Саркелец;Саркелци
tn_Savoy;Савой;Савойски;на Савой;Савойец;Савойци
tn_Sawakin;Савакин;Савакински;на Савакин;Савакинец;Савакинци
tn_Saxony;Саксония;Саксонски;на Саксония;Саксонец;Саксонци
tn_Scania;Скания;Скански;на Скания;Сканец;Сканци
tn_Schleswig;Шлесвиг;Шлесвигски;на Шлесвиг;Шлесвигец;Шлесвигци
tn_Scodra;Скодра;Скодрски;на Скодра;Скодрец;Скодрци
tn_Scotland;Шотландия;Шотландски;на Шотландия;Шотландец;Шотландци
tn_Sczieczin;Скзиекзин;Скзиекзински;на Скзиекзин;Скзиекзинец;Скзиекзинци
tn_Seljuks;Селджуци;Селджукски;на Селджуците;Селджук;Селджуци
tn_Semigallia;Семигалия;Семигалиски;на Семигалия;Семигалиец;Семигалици
tn_Serbia;Сърбия;Сръбски;на Сърбия;Сърбин;Сърби
tn_SerbianEmpire;Сърбия;Сърбски;на Сърбия;Сърбин;Сърби
tn_Severin;Северин;Северински;на Северин;Северинец;Северинци
tn_Seville;Севиля;Севилски;на Севиля;Севилец;Севилци
tn_Shaddadids;Шададидс;Шададидски;на Шададидс;Шададидсец;Шададидсци
tn_Shamakhi;Шамахи;Шамахиски;на Шамахи;Шамахиец;Шамахици
tn_Shiraz;Шираз;Ширазски;на Шираз;Ширазец;Ширазци
tn_Shirvan;Ширван;Ширвански;на Ширван;Ширванец;Ширванци
tn_Sicily;Сицилия;Сицилиански;на Сицилия;Сицилиянец;Сицилиянци
tn_Sieradz;Сиерадз;Сиерадзски;на Сиерадз;Сиерадзец;Сиерадзци
tn_Sijilmassa;Сиджилмаса;Сиджилмасски;на Сиджилмаса;Сиджилмасец;Сиджилмасци
tn_Silesia;Силезия;Силезки;на Силезия;Силезиец;Силезци
tn_Sinai;Синай;Синайски;на Синай;Синайец;Синайци
tn_Sinope;Синопе;Синопски;на Синопе;Синопец;Синопци
tn_Sirt;Сирт;Сиртски;на Сирт;Сиртец;Сиртци
tn_Siveria;Сиверия;Сивериски;на Сиверия;Сивериец;Сиверици
tn_Siwa;Сива;Сивски;на Сива;Сивец;Сивци
tn_Smaland;Смаланд;Смаландски;на Смаланд;Смаландец;Смаландци
tn_Smolensk;Смоленск;Смоленскски;на Смоленск;Смоленскец;Смоленскци
tn_Smyrna;Смирна;Смирнски;на Смирна;Смирнец;Смирнци
tn_Soba;Соба;Собски;на Соба;Собец;Собци
tn_Southern_Caspian;Южно Каспийско море;;на Южно Каспийско море;;
tn_Southern_Ocean;Сутерн Океан;;;;
tn_Spain;Испания;Испански;на Испания;Испанин;Испани
tn_Sredets;Средец;Средецки;на Средец;Средечанин;Средечани
tn_Stavanger;Ставангер;Ставангерски;на Ставангер;Ставангерец;Ставангерци
tn_Stockholm;Стохолм;Стохолмски;на Стохолм;Стохолмец;Стохолмци
tn_Strasbourg;Страсбург;Страсбургски;на Страсбург;Страсбургец;Страсбургци
tn_Strymon;Стримон;Стримонски;на Стримон;Стримонец;Стримонци
tn_Sutherland;Сутерланд;Сутерландски;на Сутерланд;Сутерландец;Сутерландци
tn_Suzdal;Суздал;Суздалски;на Суздал;Суздалец;Суздалци
tn_Svealand;Свеаланд;Свеаландски;на Свеаланд;Свеаландец;Свеаландци
tn_Swabia;Швабия;Швабски;на Швабия;Шваб;Шваби
tn_Sweden;Швеция;Шведски;на Швеция;Швед;Шведи
tn_Switzerland;Швейцария;Швейцарски;на Швейцария;Швейцарец;Швейцарци
tn_Tabriz;Табриз;Табризски;на Табриз;Табризец;Табризци
tn_Taghaza;Тагаза;Тагазски;на Тагаза;Тагазец;Тагазци
tn_Tahert;Тахерт;Тахертски;на Тахерт;Тахертец;Тахертци
tn_Taman;Таман;Тамански;на Таман;Таманец;Таманци
tn_Tamanrasset;Таманрасет;Таманрасетски;на Таманрасет;Таманрасетец;Таманрасетци
tn_Tamdoult;Тамдулт;Тамдултски;на Тамдулт;Тамдултец;Тамдултци
tn_Tangier;Танжер;Танжерски;на Танжер;Танжерец;Танжерци
tn_Taoudenni;Таудени;Таудениски;на Таудени;Таудениец;Тауденици
tn_Tarnovo;Търново;Търновски;на Търново;Търновчанин;Търновчани
tn_Taron;Тарон;Таронски;на Тарон;Таронец;Таронци
tn_Tarsus;Тарсус;Тарсуски;на Тарсус;Тарсусец;Тарсусци
tn_Tbilisi;Тбилиси;Тбилисиски;на Тбилиси;Тбилисиец;Тбилисици
tn_Tebuk;Тебук;Тебукски;на Тебук;Тебукец;Тебукци
tn_Teke;Теке;Текски;на Теке;Текец;Текци
tn_Temesvar;Темесвар;Темесварски;на Темесвар;Темесварец;Темесварци
tn_Teutonic_Order;Тевтонски орден;Тевтонски;на Тевтонския орден;Тевтонец;Тевтонци
tn_The_Channel;Ламанша;Ламаншки;на Ламанша;Ламаншец;Ламаншци
tn_The_Hague;Те Хагуе;Те Хагуски;на Те Хагуе;Те Хагуец;Те Хагуци
tn_Thessalonica;Солун;Солунски;на Солун;Солунчанин;Солунчани
tn_Thrace;Тракия;Тракийски;на Тракия;Тракиец;Тракийци
tn_Thuringia;Тюрингия;Тюрингски;на Тюрингия;Тюрингиец;Тюрингийци
tn_Tiflis;Тифлис;Тифлиски;на Тифлис;Тифлисец;Тифлисци
tn_Tikrit;Тикрит;Тикритски;на Тикрит;Тикритец;Тикритци
tn_Tirgoviste;Търговище;Търговишкски;на Търговище;Търговишчец;Търговишчи
tn_Tlemcen;Тлемкен;Тлемкенски;на Тлемкен;Тлемкенец;Тлемкенци
tn_Tmutarakhan;Тмутарахан;Тмутарахански;на Тмутарахан;Тмутараханец;Тмутараханци
tn_Toledo;Толедо;Толедски;на Толедо;Толедчанин;Толедчани
tn_Torino;Торино;Торински;на Торино;Торинчанин;Торинчани
tn_Torun;Торун;Торунски;на Торун;Торунец;Торунци
tn_Toulouse;Тулуза;Тулузки;на Тулуза;Тулузец;Тулузци
tn_Trables;Траблес;Траблески;на Траблес;Траблесец;Траблесци
tn_Trabzon;Трабзон;Трабзонски;на Трабзон;Трабзонец;Трабзонци
tn_Trakai;Тракай;Тракайски;на Тракай;Тракайец;Тракайци
tn_Transjordania;Трансйордания;Трансйорданиски;на Трансйордания;Трансйорданиец;Трансйорданици
tn_Transylvania;Трансилвания;Трансилвански;на Трансилвания;Трансилванец;Трансилванци
tn_Trebizond;Трапезунд;Трапезундски;на Трапезунд;Трапезундец;Трапезундци
tn_Tripoli;Триполи;Триполиски;на Триполи;Триполиец;Триполици
tn_Tripolitania;Триполитания;Триполитаниски;на Триполитания;Триполитаниец;Триполитаници
tn_Trondheim;Трондхеим;Трондхеимски;на Трондхеим;Трондхеимец;Трондхеимци
tn_Tskhumi;Тсхуми;Тсхумиски;на Тсхуми;Тсхумиец;Тсхумици
tn_Tunis;Тунис;Тунизийски;на Тунис;Тунизиец;Тунизийци
tn_Tunisia;Тунис;Тунизийски;на Тунис;Тунизиец;Тунизийци
tn_Turku;Турку;Туркуски;на Турку;Туркуец;Туркуци
tn_Turov;Туров;Туровски;на Туров;Туровец;Туровци
tn_Tuscany;Тоскана;Тоскански;на Тоскана;Тосканец;Тосканци
tn_Tver;Твер;Тверски;на Твер;Тверец;Тверци
tn_Tyrol;Тирол;Тиролски;на Тирол;Тиролец;Тиролци
tn_Tyrrhenian_Sea;Тиренско море;;на Тиренско море;;
tn_Uglich;Углич;Угличски;на Углич;Угличец;Угличци
tn_Ukek;Укек;Укекски;на Укек;Укекец;Укекци
tn_Ulster;Улстер;Улстерски;на Улстер;Улстерец;Улстерци
tn_Uppland;Упланд;Упландски;на Упланд;Упландец;Упландци
tn_Uppsala;Упсала;Упсалски;на Упсала;Упсалец;Упсалци
tn_Ustyug;Устиуг;Устиугски;на Устиуг;Устиугец;Устиугци
tn_Uusima;Уусима;Уусимски;на Уусима;Уусимец;Уусимци
tn_Valencia;Валенсия;Валенсиански;на Валенсия;Валенсианец;Валенсианци
tn_Varberg;Варберг;Варбергски;на Варберг;Варбергец;Варбергци
tn_Vasteras;Вастерас;Вастераски;на Вастерас;Вастерасец;Вастерасци
tn_Vastergotland;Вастерготланд;Вастерготландски;на Вастерготланд;Вастерготландец;Вастерготландци
tn_Vastermanland;Вастерманланд;Вастерманландски;на Вастерманланд;Вастерманландец;Вастерманландци
tn_Veneto;Венето;Венетски;на Венето;Венетчанин;Венетчани
tn_Venice;Венеция;Венециански;на Венеция;Венецианец;Венецианци
tn_Vidin;Видин;Видински;на Видин;Видинчанин;Видинчани
tn_Vienna;Виена;Виенски;на Виена;Виенчанин;Виенчани
tn_Viken;Викен;Викенски;на Викен;Викенец;Викенци
tn_Vilnius;Вилниус;Вилниуски;на Вилниус;Вилниусец;Вилниусци
tn_Vinnytsia;Винитсия;Винитсиски;на Винитсия;Винитсиец;Винитсици
tn_Visby;Висби;Висбиски;на Висби;Висбиец;Висбици
tn_Visoko;Високо;Високски;на Високо;Високчанин;Високчани
tn_Vladimir;Владимир;Владимирски;на Владимир;Владимирец;Владимирци
tn_Volga_Bulgaria;Волжка България;Волжко-български;на Волжка България;Волжки българин;Волжки българи
tn_Volhynia;Волиния;Волински;на Волиния;Волинец;Волинци
tn_Volodymyr;Володимир;Володимирски;на Володимир;Володимирец;Володимирци
tn_Voronezh;Воронезх;Воронезхски;на Воронезх;Воронезхец;Воронезхци
tn_Vyatka;Виатка;Виаткски;на Виатка;Виаткец;Виаткци
tn_Vyborg;Виборг;Виборгски;на Виборг;Виборгец;Виборгци
tn_Vytebsk;Витебск;Витебскски;на Витебск;Витебскец;Витебскци
tn_Wadan;Вадан;Вадански;на Вадан;Ваданец;Ваданци
tn_Waddai;Вадай;Вадайски;на Вадай;Вадайец;Вадайци
tn_Wadi_Al_Batin;Вади Ал-батин;Вади Ал-батински;на Вади Ал-батин;Вади Ал-батинец;Вади Ал-батинци
tn_Wallachia;Влашко;Влашки;на Влашко;Влах;Власи
tn_Wara;Вара;Варски;на Вара;Варец;Варци
tn_Warsawa;Варшава;Варшавски;на Варшава;Варшавянин;Варшавяни
tn_Warwick;Варвик;Варвикски;на Варвик;Варвикец;Варвикци
tn_Warwickshire;Варвикшире;Варвикширски;на Варвикшире;Варвикширец;Варвикширци
tn_West_Flanders;Западна Фландрия;Западнофландърски;на Западна Фландрия;Западнофландрец;Западнофландърци
tn_Western_Black_Sea;Западно Черно море;;на Западно Черно море;;
tn_Western_Mediterranean;Западно Средиземноморие;;на Западното Средиземноморие;;
tn_Western_Ocean;Западен океан;;на Западния океан;;
tn_Winchester;Уинчестър;Уинчестърски;на Уинчестър;Уинчестърец;Уинчестърци
tn_Windau;Виндау;Виндауски;на Виндау;Виндауец;Виндауци
tn_Wismar;Висмар;Висмарски;на Висмар;Висмарец;Висмарци
tn_Worms;Вормс;Вормски;на Вормс;Вормсец;Вормсци
tn_Wroclaw;Вроклав;Вроклавски;на Вроклав;Вроклавец;Вроклавци
tn_Xacitarxan;Ксакитарксан;Ксакитарксански;на Ксакитарксан;Ксакитарксанец;Ксакитарксанци
tn_Yaroslavl;Иарославл;Иарославлски;на Иарославл;Иарославлец;Иарославлци
tn_Yash;Иаш;Иашски;на Иаш;Иашец;Иашци
tn_Yathrib;Иатриб;Иатрибски;на Иатриб;Иатрибец;Иатрибци
tn_Yazd;Иазд;Иаздски;на Иазд;Иаздец;Иаздци
tn_Yedisan;Иедисан;Иедисански;на Иедисан;Иедисанец;Иедисанци
tn_Yemen;Иемен;Иеменски;на Иемен;Иеменец;Иеменци
tn_York;Йорк;Йоркски;на Йорк;Йоркчанин;Йоркчани
tn_Yorkshire;Йоркшир;Йоркширски;на Йоркшир;Йоркширец;Йоркширци
tn_Yotvingia;Иотвингия;Иотвингиски;на Иотвингия;Иотвингиец;Иотвингици
tn_Zadar;Задар;Задарски;на Задар;Задарец;Задарци
tn_Zagreb;Загреб;Загребски;на Загреб;Загребец;Загребци
tn_Zakarid_Armenia;Закарид Армения;Закарид Армениски;на Закарид Армения;Закарид Армениец;Закарид Арменици
tn_Zalesye;Залесие;Залесиски;на Залесие;Залесиец;Залесици
tn_Zaragoza;Сарагоса;Сарагоски;на Сарагоса;Сарагосец;Сарагосци
tn_Zealand;Зеаланд;Зеаландски;на Зеаланд;Зеаландец;Зеаландци
tn_Zemaitija;Земайтия;Земайтски;на Земайтия;Земайтин;Земайти
tn_Zhytomyr;Житомир;Житомирски;на Житомир;Житомирец;Житомирци
tn_Zirids;Зириди;Зиридски;на Зиридите;Зирид;Зириди
tn_Zurich;Цюрих;Цюрихски;на Цюрих;Цюрихец;Цюрихци
tn_Outer_Hebriders_Reach;Крайбрежие на Външни Хебриди;;на Крайбрежието на Външни Хебриди;;
